,db,tolerance,comparator,module,version,realVulnerabilities,TruePositives,TrueNegatives,FalsePositives,FalseNegatives
0,"{'db': 'database-openai-2', 'tolerance': 0.7, 'limit': 75}",0.7,ComparatorType.HEURISTIC,PXC36.1-E.D,V6.00.204,"['CVE-2019-13939', 'CVE-2021-31344', 'CVE-2021-31345', 'CVE-2021-31346', 'CVE-2021-31881', 'CVE-2021-31882', 'CVE-2021-31883', 'CVE-2021-31884', 'CVE-2021-31885', 'CVE-2021-31886', 'CVE-2021-31887', 'CVE-2021-31888', 'CVE-2021-31889', 'CVE-2021-31890', 'CVE-2022-38371']","['CVE-2021-31344', 'CVE-2021-31345', 'CVE-2021-31885', 'CVE-2021-31886', 'CVE-2021-31888', 'CVE-2021-31889', 'CVE-2021-31882', 'CVE-2021-31884', 'CVE-2019-13939', 'CVE-2021-31346', 'CVE-2021-31883', 'CVE-2021-31890', 'CVE-2021-31887', 'CVE-2022-38371', 'CVE-2021-31881']","['CVE-2015-0979', 'CVE-2022-37122', 'CVE-2017-9947', 'CVE-2018-7278', 'CVE-2010-4740', 'CVE-2018-10238', 'CVE-2020-7575', 'CVE-2018-7277', 'CVE-2020-7233', 'CVE-2021-27391', 'CVE-2022-45937', 'CVE-2020-28388', 'CVE-2018-8880', 'CVE-2017-9946', 'CVE-2015-0981', 'CVE-2021-41545', 'CVE-2016-4494', 'CVE-2015-4174', 'CVE-2018-7276', 'CVE-2020-7574', 'CVE-2019-12480', 'CVE-2015-0980', 'CVE-2016-4495', 'CVE-2018-18878']",[],[]
1,"{'db': 'database-openai-2', 'tolerance': 0.7, 'limit': 75}",0.7,ComparatorType.HEURISTIC,PXC36.1-E.D,V6.00.314,"['CVE-2019-13939', 'CVE-2021-31344', 'CVE-2021-31345', 'CVE-2021-31346', 'CVE-2021-31881', 'CVE-2021-31882', 'CVE-2021-31883', 'CVE-2021-31884', 'CVE-2021-31885', 'CVE-2021-31886', 'CVE-2021-31887', 'CVE-2021-31888', 'CVE-2021-31889', 'CVE-2021-31890', 'CVE-2022-38371']","['CVE-2021-31344', 'CVE-2021-31345', 'CVE-2021-31885', 'CVE-2021-31886', 'CVE-2021-31888', 'CVE-2021-31889', 'CVE-2021-31882', 'CVE-2021-31884', 'CVE-2019-13939', 'CVE-2021-31346', 'CVE-2021-31883', 'CVE-2021-31890', 'CVE-2021-31887', 'CVE-2022-38371', 'CVE-2021-31881']","['CVE-2015-0979', 'CVE-2022-37122', 'CVE-2017-9947', 'CVE-2018-7278', 'CVE-2010-4740', 'CVE-2018-10238', 'CVE-2020-7575', 'CVE-2018-7277', 'CVE-2020-7233', 'CVE-2021-27391', 'CVE-2022-45937', 'CVE-2020-28388', 'CVE-2018-8880', 'CVE-2017-9946', 'CVE-2015-0981', 'CVE-2021-41545', 'CVE-2016-4494', 'CVE-2015-4174', 'CVE-2018-7276', 'CVE-2020-7574', 'CVE-2019-12480', 'CVE-2015-0980', 'CVE-2016-4495', 'CVE-2018-18878']",[],[]
2,"{'db': 'database-openai-2', 'tolerance': 0.7, 'limit': 75}",0.7,ComparatorType.HEURISTIC,PXC36.1-E.D,V6.00.327,"['CVE-2021-31344', 'CVE-2021-31345', 'CVE-2021-31346', 'CVE-2021-31881', 'CVE-2021-31882', 'CVE-2021-31883', 'CVE-2021-31884', 'CVE-2021-31885', 'CVE-2021-31886', 'CVE-2021-31887', 'CVE-2021-31888', 'CVE-2021-31889', 'CVE-2021-31890', 'CVE-2022-38371']","['CVE-2021-31344', 'CVE-2021-31345', 'CVE-2021-31885', 'CVE-2021-31886', 'CVE-2021-31888', 'CVE-2021-31889', 'CVE-2021-31882', 'CVE-2021-31884', 'CVE-2021-31346', 'CVE-2021-31890', 'CVE-2021-31883', 'CVE-2021-31887', 'CVE-2022-38371', 'CVE-2021-31881']","['CVE-2015-0979', 'CVE-2022-37122', 'CVE-2017-9947', 'CVE-2018-7278', 'CVE-2010-4740', 'CVE-2019-13939', 'CVE-2018-10238', 'CVE-2020-7575', 'CVE-2018-7277', 'CVE-2020-7233', 'CVE-2021-27391', 'CVE-2022-45937', 'CVE-2020-28388', 'CVE-2018-8880', 'CVE-2017-9946', 'CVE-2015-0981', 'CVE-2021-41545', 'CVE-2016-4494', 'CVE-2015-4174', 'CVE-2018-7276', 'CVE-2020-7574', 'CVE-2019-12480', 'CVE-2015-0980', 'CVE-2016-4495', 'CVE-2018-18878']",[],[]
3,"{'db': 'database-openai-2', 'tolerance': 0.7, 'limit': 75}",0.7,ComparatorType.HEURISTIC,PXC12-E.D,V5.00.057,"['CVE-2019-13939', 'CVE-2021-31344', 'CVE-2021-31345', 'CVE-2021-31346', 'CVE-2021-31881', 'CVE-2021-31882', 'CVE-2021-31883', 'CVE-2021-31884', 'CVE-2021-31885', 'CVE-2021-31886', 'CVE-2021-31887', 'CVE-2021-31888', 'CVE-2021-31889', 'CVE-2021-31890', 'CVE-2022-38371']","['CVE-2021-31344', 'CVE-2021-31345', 'CVE-2021-31885', 'CVE-2021-31886', 'CVE-2021-31888', 'CVE-2021-31889', 'CVE-2021-31882', 'CVE-2021-31884', 'CVE-2019-13939', 'CVE-2021-31346', 'CVE-2021-31883', 'CVE-2021-31890', 'CVE-2021-31887', 'CVE-2022-38371', 'CVE-2021-31881']","['CVE-2015-0979', 'CVE-2022-37122', 'CVE-2017-9947', 'CVE-2018-7278', 'CVE-2010-4740', 'CVE-2018-10238', 'CVE-2020-7575', 'CVE-2018-7277', 'CVE-2020-7233', 'CVE-2021-27391', 'CVE-2022-45937', 'CVE-2020-28388', 'CVE-2018-8880', 'CVE-2017-9946', 'CVE-2015-0981', 'CVE-2021-41545', 'CVE-2016-4494', 'CVE-2015-4174', 'CVE-2018-7276', 'CVE-2020-7574', 'CVE-2019-12480', 'CVE-2015-0980', 'CVE-2016-4495', 'CVE-2018-18878']",[],[]
4,"{'db': 'database-openai-2', 'tolerance': 0.7, 'limit': 75}",0.7,ComparatorType.HEURISTIC,PXC50-E.D,V6.30.010,"['CVE-2021-31344', 'CVE-2021-31345', 'CVE-2021-31346', 'CVE-2021-31881', 'CVE-2021-31882', 'CVE-2021-31883', 'CVE-2021-31884', 'CVE-2021-31885', 'CVE-2021-31886', 'CVE-2021-31887', 'CVE-2021-31888', 'CVE-2021-31889', 'CVE-2021-31890', 'CVE-2022-38371']","['CVE-2021-31344', 'CVE-2021-31345', 'CVE-2021-31885', 'CVE-2021-31886', 'CVE-2021-31888', 'CVE-2021-31889', 'CVE-2021-31882', 'CVE-2021-31884', 'CVE-2021-31346', 'CVE-2021-31890', 'CVE-2021-31883', 'CVE-2021-31887', 'CVE-2022-38371', 'CVE-2021-31881']","['CVE-2015-0979', 'CVE-2022-37122', 'CVE-2017-9947', 'CVE-2018-7278', 'CVE-2010-4740', 'CVE-2019-13939', 'CVE-2018-10238', 'CVE-2020-7575', 'CVE-2018-7277', 'CVE-2020-7233', 'CVE-2021-27391', 'CVE-2022-45937', 'CVE-2020-28388', 'CVE-2018-8880', 'CVE-2017-9946', 'CVE-2015-0981', 'CVE-2021-41545', 'CVE-2016-4494', 'CVE-2015-4174', 'CVE-2018-7276', 'CVE-2020-7574', 'CVE-2019-12480', 'CVE-2015-0980', 'CVE-2016-4495', 'CVE-2018-18878']",[],[]
5,"{'db': 'database-openai-2', 'tolerance': 0.7, 'limit': 75}",0.7,ComparatorType.HEURISTIC,PXC100-E.D,V5.10.064,"['CVE-2019-13939', 'CVE-2021-31344', 'CVE-2021-31345', 'CVE-2021-31346', 'CVE-2021-31881', 'CVE-2021-31882', 'CVE-2021-31883', 'CVE-2021-31884', 'CVE-2021-31885', 'CVE-2021-31886', 'CVE-2021-31887', 'CVE-2021-31888', 'CVE-2021-31889', 'CVE-2021-31890', 'CVE-2022-38371']","['CVE-2021-31344', 'CVE-2021-31345', 'CVE-2021-31885', 'CVE-2021-31886', 'CVE-2021-31888', 'CVE-2021-31889', 'CVE-2021-31882', 'CVE-2021-31884', 'CVE-2019-13939', 'CVE-2021-31346', 'CVE-2021-31883', 'CVE-2021-31890', 'CVE-2021-31887', 'CVE-2022-38371', 'CVE-2021-31881']","['CVE-2015-0979', 'CVE-2022-37122', 'CVE-2017-9947', 'CVE-2018-7278', 'CVE-2010-4740', 'CVE-2018-10238', 'CVE-2020-7575', 'CVE-2018-7277', 'CVE-2020-7233', 'CVE-2021-27391', 'CVE-2022-45937', 'CVE-2020-28388', 'CVE-2018-8880', 'CVE-2017-9946', 'CVE-2015-0981', 'CVE-2021-41545', 'CVE-2016-4494', 'CVE-2015-4174', 'CVE-2018-7276', 'CVE-2020-7574', 'CVE-2019-12480', 'CVE-2015-0980', 'CVE-2016-4495', 'CVE-2018-18878']",[],[]
6,"{'db': 'database-openai-2', 'tolerance': 0.7, 'limit': 75}",0.7,ComparatorType.HEURISTIC,PXC36-E.D,V5.10.067,[],[],"['CVE-2015-0979', 'CVE-2017-9947', 'CVE-2021-31888', 'CVE-2022-37122', 'CVE-2018-7278', 'CVE-2010-4740', 'CVE-2019-13939', 'CVE-2018-10238', 'CVE-2020-7575', 'CVE-2018-7277', 'CVE-2020-7233', 'CVE-2021-31344', 'CVE-2021-27391', 'CVE-2022-45937', 'CVE-2020-28388', 'CVE-2018-8880', 'CVE-2017-9946', 'CVE-2021-31889', 'CVE-2015-0981', 'CVE-2021-31345', 'CVE-2021-31885', 'CVE-2021-41545', 'CVE-2016-4494', 'CVE-2015-4174', 'CVE-2021-31890', 'CVE-2018-7276', 'CVE-2022-38371', 'CVE-2020-7574', 'CVE-2021-31881', 'CVE-2021-31886', 'CVE-2019-12480', 'CVE-2015-0980', 'CVE-2021-31882', 'CVE-2021-31884', 'CVE-2021-31346', 'CVE-2021-31883', 'CVE-2016-4495', 'CVE-2018-18878', 'CVE-2021-31887']",[],[]
7,"{'db': 'database-openai-2', 'tolerance': 0.7, 'limit': 75}",0.7,ComparatorType.HEURISTIC,PXC200ED,V4.00.083,"['CVE-2019-13939', 'CVE-2021-31344', 'CVE-2021-31345', 'CVE-2021-31346', 'CVE-2021-31881', 'CVE-2021-31882', 'CVE-2021-31883', 'CVE-2021-31884', 'CVE-2021-31885', 'CVE-2021-31886', 'CVE-2021-31887', 'CVE-2021-31888', 'CVE-2021-31889', 'CVE-2021-31890', 'CVE-2022-38371']","['CVE-2021-31344', 'CVE-2021-31345', 'CVE-2021-31885', 'CVE-2021-31886', 'CVE-2021-31888', 'CVE-2021-31889', 'CVE-2021-31882', 'CVE-2021-31884', 'CVE-2019-13939', 'CVE-2021-31346', 'CVE-2021-31883', 'CVE-2021-31890', 'CVE-2021-31887', 'CVE-2022-38371', 'CVE-2021-31881']","['CVE-2015-0979', 'CVE-2022-37122', 'CVE-2017-9947', 'CVE-2018-7278', 'CVE-2010-4740', 'CVE-2018-10238', 'CVE-2020-7575', 'CVE-2018-7277', 'CVE-2020-7233', 'CVE-2021-27391', 'CVE-2022-45937', 'CVE-2020-28388', 'CVE-2018-8880', 'CVE-2017-9946', 'CVE-2015-0981', 'CVE-2021-41545', 'CVE-2016-4494', 'CVE-2015-4174', 'CVE-2018-7276', 'CVE-2020-7574', 'CVE-2019-12480', 'CVE-2015-0980', 'CVE-2016-4495', 'CVE-2018-18878']",[],[]
8,"{'db': 'database-openai-2', 'tolerance': 0.7, 'limit': 75}",0.7,ComparatorType.HEURISTIC,Siemens BACnet Field Panel,V3.4,[],[],"['CVE-2015-0979', 'CVE-2017-9947', 'CVE-2021-31888', 'CVE-2022-37122', 'CVE-2018-7278', 'CVE-2010-4740', 'CVE-2019-13939', 'CVE-2018-10238', 'CVE-2020-7575', 'CVE-2018-7277', 'CVE-2020-7233', 'CVE-2021-31344', 'CVE-2021-27391', 'CVE-2022-45937', 'CVE-2020-28388', 'CVE-2018-8880', 'CVE-2017-9946', 'CVE-2021-31889', 'CVE-2015-0981', 'CVE-2021-31345', 'CVE-2021-31885', 'CVE-2021-41545', 'CVE-2016-4494', 'CVE-2015-4174', 'CVE-2021-31890', 'CVE-2018-7276', 'CVE-2022-38371', 'CVE-2020-7574', 'CVE-2021-31881', 'CVE-2021-31886', 'CVE-2019-12480', 'CVE-2015-0980', 'CVE-2021-31882', 'CVE-2021-31884', 'CVE-2021-31346', 'CVE-2021-31883', 'CVE-2016-4495', 'CVE-2018-18878', 'CVE-2021-31887']",[],[]
9,"{'db': 'database-openai-2', 'tolerance': 0.7, 'limit': 75}",0.7,ComparatorType.HEURISTIC,Quantum BACnet,3.4.321,[],[],"['CVE-2015-0979', 'CVE-2017-9947', 'CVE-2021-31888', 'CVE-2022-37122', 'CVE-2018-7278', 'CVE-2010-4740', 'CVE-2019-13939', 'CVE-2018-10238', 'CVE-2020-7575', 'CVE-2018-7277', 'CVE-2020-7233', 'CVE-2021-31344', 'CVE-2021-27391', 'CVE-2022-45937', 'CVE-2020-28388', 'CVE-2018-8880', 'CVE-2017-9946', 'CVE-2021-31889', 'CVE-2015-0981', 'CVE-2021-31345', 'CVE-2021-31885', 'CVE-2021-41545', 'CVE-2016-4494', 'CVE-2015-4174', 'CVE-2021-31890', 'CVE-2018-7276', 'CVE-2022-38371', 'CVE-2020-7574', 'CVE-2021-31881', 'CVE-2021-31886', 'CVE-2019-12480', 'CVE-2015-0980', 'CVE-2021-31882', 'CVE-2021-31884', 'CVE-2021-31346', 'CVE-2021-31883', 'CVE-2016-4495', 'CVE-2018-18878', 'CVE-2021-31887']",[],[]
10,"{'db': 'database-openai-2', 'tolerance': 0.7, 'limit': 75}",0.7,ComparatorType.HEURISTIC,Quantum BACnet,2.7.359,[],[],"['CVE-2015-0979', 'CVE-2017-9947', 'CVE-2021-31888', 'CVE-2022-37122', 'CVE-2018-7278', 'CVE-2010-4740', 'CVE-2019-13939', 'CVE-2018-10238', 'CVE-2020-7575', 'CVE-2018-7277', 'CVE-2020-7233', 'CVE-2021-31344', 'CVE-2021-27391', 'CVE-2022-45937', 'CVE-2020-28388', 'CVE-2018-8880', 'CVE-2017-9946', 'CVE-2021-31889', 'CVE-2015-0981', 'CVE-2021-31345', 'CVE-2021-31885', 'CVE-2021-41545', 'CVE-2016-4494', 'CVE-2015-4174', 'CVE-2021-31890', 'CVE-2018-7276', 'CVE-2022-38371', 'CVE-2020-7574', 'CVE-2021-31881', 'CVE-2021-31886', 'CVE-2019-12480', 'CVE-2015-0980', 'CVE-2021-31882', 'CVE-2021-31884', 'CVE-2021-31346', 'CVE-2021-31883', 'CVE-2016-4495', 'CVE-2018-18878', 'CVE-2021-31887']",[],[]
11,"{'db': 'database-openai-2', 'tolerance': 0.7, 'limit': 75}",0.7,ComparatorType.HEURISTIC,Quantum BACnet,3.2.243,['CVE-2018-7276'],[],"['CVE-2015-0979', 'CVE-2017-9947', 'CVE-2021-31888', 'CVE-2022-37122', 'CVE-2018-7278', 'CVE-2010-4740', 'CVE-2019-13939', 'CVE-2018-10238', 'CVE-2020-7575', 'CVE-2018-7277', 'CVE-2020-7233', 'CVE-2021-31344', 'CVE-2021-27391', 'CVE-2022-45937', 'CVE-2020-28388', 'CVE-2018-8880', 'CVE-2017-9946', 'CVE-2021-31889', 'CVE-2015-0981', 'CVE-2021-31345', 'CVE-2021-31885', 'CVE-2021-41545', 'CVE-2016-4494', 'CVE-2015-4174', 'CVE-2021-31890', 'CVE-2022-38371', 'CVE-2020-7574', 'CVE-2021-31881', 'CVE-2021-31886', 'CVE-2019-12480', 'CVE-2015-0980', 'CVE-2021-31882', 'CVE-2021-31884', 'CVE-2021-31346', 'CVE-2021-31883', 'CVE-2016-4495', 'CVE-2018-18878', 'CVE-2021-31887']",[],['CVE-2018-7276']
12,"{'db': 'database-openai-2', 'tolerance': 0.7, 'limit': 75}",0.7,ComparatorType.HEURISTIC,BASRT-B,3.0.13,[],[],"['CVE-2015-0979', 'CVE-2017-9947', 'CVE-2021-31888', 'CVE-2022-37122', 'CVE-2018-7278', 'CVE-2010-4740', 'CVE-2019-13939', 'CVE-2018-10238', 'CVE-2020-7575', 'CVE-2018-7277', 'CVE-2020-7233', 'CVE-2021-31344', 'CVE-2021-27391', 'CVE-2022-45937', 'CVE-2020-28388', 'CVE-2018-8880', 'CVE-2017-9946', 'CVE-2021-31889', 'CVE-2015-0981', 'CVE-2021-31345', 'CVE-2021-31885', 'CVE-2021-41545', 'CVE-2016-4494', 'CVE-2015-4174', 'CVE-2021-31890', 'CVE-2018-7276', 'CVE-2022-38371', 'CVE-2020-7574', 'CVE-2021-31881', 'CVE-2021-31886', 'CVE-2019-12480', 'CVE-2015-0980', 'CVE-2021-31882', 'CVE-2021-31884', 'CVE-2021-31346', 'CVE-2021-31883', 'CVE-2016-4495', 'CVE-2018-18878', 'CVE-2021-31887']",[],[]
13,"{'db': 'database-openai-2', 'tolerance': 0.7, 'limit': 75}",0.7,ComparatorType.HEURISTIC,Niagara4 Station,4.12.22078.1,[],[],"['CVE-2015-0979', 'CVE-2017-9947', 'CVE-2021-31888', 'CVE-2022-37122', 'CVE-2018-7278', 'CVE-2010-4740', 'CVE-2019-13939', 'CVE-2018-10238', 'CVE-2020-7575', 'CVE-2018-7277', 'CVE-2020-7233', 'CVE-2021-31344', 'CVE-2021-27391', 'CVE-2022-45937', 'CVE-2020-28388', 'CVE-2018-8880', 'CVE-2017-9946', 'CVE-2021-31889', 'CVE-2015-0981', 'CVE-2021-31345', 'CVE-2021-31885', 'CVE-2021-41545', 'CVE-2016-4494', 'CVE-2015-4174', 'CVE-2021-31890', 'CVE-2018-7276', 'CVE-2022-38371', 'CVE-2020-7574', 'CVE-2021-31881', 'CVE-2021-31886', 'CVE-2019-12480', 'CVE-2015-0980', 'CVE-2021-31882', 'CVE-2021-31884', 'CVE-2021-31346', 'CVE-2021-31883', 'CVE-2016-4495', 'CVE-2018-18878', 'CVE-2021-31887']",[],[]
14,"{'db': 'database-openai-2', 'tolerance': 0.7, 'limit': 75}",0.7,ComparatorType.HEURISTIC,Niagara4 Station,4.6.96.28.1,[],[],"['CVE-2015-0979', 'CVE-2017-9947', 'CVE-2021-31888', 'CVE-2022-37122', 'CVE-2018-7278', 'CVE-2010-4740', 'CVE-2019-13939', 'CVE-2018-10238', 'CVE-2020-7575', 'CVE-2018-7277', 'CVE-2020-7233', 'CVE-2021-31344', 'CVE-2021-27391', 'CVE-2022-45937', 'CVE-2020-28388', 'CVE-2018-8880', 'CVE-2017-9946', 'CVE-2021-31889', 'CVE-2015-0981', 'CVE-2021-31345', 'CVE-2021-31885', 'CVE-2021-41545', 'CVE-2016-4494', 'CVE-2015-4174', 'CVE-2021-31890', 'CVE-2018-7276', 'CVE-2022-38371', 'CVE-2020-7574', 'CVE-2021-31881', 'CVE-2021-31886', 'CVE-2019-12480', 'CVE-2015-0980', 'CVE-2021-31882', 'CVE-2021-31884', 'CVE-2021-31346', 'CVE-2021-31883', 'CVE-2016-4495', 'CVE-2018-18878', 'CVE-2021-31887']",[],[]
15,"{'db': 'database-openai-2', 'tolerance': 0.7, 'limit': 75}",0.7,ComparatorType.HEURISTIC,AAM-Router,1.2,[],[],"['CVE-2015-0979', 'CVE-2017-9947', 'CVE-2021-31888', 'CVE-2022-37122', 'CVE-2018-7278', 'CVE-2010-4740', 'CVE-2019-13939', 'CVE-2018-10238', 'CVE-2020-7575', 'CVE-2018-7277', 'CVE-2020-7233', 'CVE-2021-31344', 'CVE-2021-27391', 'CVE-2022-45937', 'CVE-2020-28388', 'CVE-2018-8880', 'CVE-2017-9946', 'CVE-2021-31889', 'CVE-2015-0981', 'CVE-2021-31345', 'CVE-2021-31885', 'CVE-2021-41545', 'CVE-2016-4494', 'CVE-2015-4174', 'CVE-2021-31890', 'CVE-2018-7276', 'CVE-2022-38371', 'CVE-2020-7574', 'CVE-2021-31881', 'CVE-2021-31886', 'CVE-2019-12480', 'CVE-2015-0980', 'CVE-2021-31882', 'CVE-2021-31884', 'CVE-2021-31346', 'CVE-2021-31883', 'CVE-2016-4495', 'CVE-2018-18878', 'CVE-2021-31887']",[],[]
16,"{'db': 'database-openai-2', 'tolerance': 0.7, 'limit': 75}",0.7,ComparatorType.HEURISTIC,BAC-5051E,E0.1.0.3,"['CVE-2016-4494', 'CVE-2016-4495']",[],"['CVE-2015-0979', 'CVE-2017-9947', 'CVE-2021-31888', 'CVE-2022-37122', 'CVE-2018-7278', 'CVE-2010-4740', 'CVE-2019-13939', 'CVE-2018-10238', 'CVE-2020-7575', 'CVE-2018-7277', 'CVE-2020-7233', 'CVE-2021-31344', 'CVE-2021-27391', 'CVE-2022-45937', 'CVE-2020-28388', 'CVE-2018-8880', 'CVE-2017-9946', 'CVE-2021-31889', 'CVE-2015-0981', 'CVE-2021-31345', 'CVE-2021-31885', 'CVE-2021-41545', 'CVE-2015-4174', 'CVE-2021-31890', 'CVE-2018-7276', 'CVE-2022-38371', 'CVE-2020-7574', 'CVE-2021-31881', 'CVE-2021-31886', 'CVE-2019-12480', 'CVE-2015-0980', 'CVE-2021-31882', 'CVE-2021-31884', 'CVE-2021-31346', 'CVE-2021-31883', 'CVE-2018-18878', 'CVE-2021-31887']",[],"['CVE-2016-4495', 'CVE-2016-4494']"
17,"{'db': 'database-openai-2', 'tolerance': 0.7, 'limit': 75}",0.7,ComparatorType.HEURISTIC,BAC-5051E,R1.5.0.12,[],[],"['CVE-2015-0979', 'CVE-2017-9947', 'CVE-2021-31888', 'CVE-2022-37122', 'CVE-2018-7278', 'CVE-2010-4740', 'CVE-2019-13939', 'CVE-2018-10238', 'CVE-2020-7575', 'CVE-2018-7277', 'CVE-2020-7233', 'CVE-2021-31344', 'CVE-2021-27391', 'CVE-2022-45937', 'CVE-2020-28388', 'CVE-2018-8880', 'CVE-2017-9946', 'CVE-2021-31889', 'CVE-2015-0981', 'CVE-2021-31345', 'CVE-2021-31885', 'CVE-2021-41545', 'CVE-2016-4494', 'CVE-2015-4174', 'CVE-2021-31890', 'CVE-2018-7276', 'CVE-2022-38371', 'CVE-2020-7574', 'CVE-2021-31881', 'CVE-2021-31886', 'CVE-2019-12480', 'CVE-2015-0980', 'CVE-2021-31882', 'CVE-2021-31884', 'CVE-2021-31346', 'CVE-2021-31883', 'CVE-2016-4495', 'CVE-2018-18878', 'CVE-2021-31887']",[],[]
18,"{'db': 'database-openai-2', 'tolerance': 0.7, 'limit': 75}",0.7,ComparatorType.HEURISTIC,BAC-A1616BC,R2.0.0.11,['CVE-2020-7233'],[],"['CVE-2015-0979', 'CVE-2017-9947', 'CVE-2021-31888', 'CVE-2022-37122', 'CVE-2018-7278', 'CVE-2010-4740', 'CVE-2019-13939', 'CVE-2018-10238', 'CVE-2020-7575', 'CVE-2018-7277', 'CVE-2021-31344', 'CVE-2021-27391', 'CVE-2022-45937', 'CVE-2020-28388', 'CVE-2018-8880', 'CVE-2017-9946', 'CVE-2021-31889', 'CVE-2015-0981', 'CVE-2021-31345', 'CVE-2021-31885', 'CVE-2021-41545', 'CVE-2016-4494', 'CVE-2015-4174', 'CVE-2021-31890', 'CVE-2018-7276', 'CVE-2022-38371', 'CVE-2020-7574', 'CVE-2021-31881', 'CVE-2021-31886', 'CVE-2019-12480', 'CVE-2015-0980', 'CVE-2021-31882', 'CVE-2021-31884', 'CVE-2021-31346', 'CVE-2021-31883', 'CVE-2016-4495', 'CVE-2018-18878', 'CVE-2021-31887']",[],['CVE-2020-7233']
19,"{'db': 'database-openai-2', 'tolerance': 0.7, 'limit': 75}",0.7,ComparatorType.HEURISTIC,BAC-5051E,R1.3.0.1,[],[],"['CVE-2015-0979', 'CVE-2017-9947', 'CVE-2021-31888', 'CVE-2022-37122', 'CVE-2018-7278', 'CVE-2010-4740', 'CVE-2019-13939', 'CVE-2018-10238', 'CVE-2020-7575', 'CVE-2018-7277', 'CVE-2020-7233', 'CVE-2021-31344', 'CVE-2021-27391', 'CVE-2022-45937', 'CVE-2020-28388', 'CVE-2018-8880', 'CVE-2017-9946', 'CVE-2021-31889', 'CVE-2015-0981', 'CVE-2021-31345', 'CVE-2021-31885', 'CVE-2021-41545', 'CVE-2016-4494', 'CVE-2015-4174', 'CVE-2021-31890', 'CVE-2018-7276', 'CVE-2022-38371', 'CVE-2020-7574', 'CVE-2021-31881', 'CVE-2021-31886', 'CVE-2019-12480', 'CVE-2015-0980', 'CVE-2021-31882', 'CVE-2021-31884', 'CVE-2021-31346', 'CVE-2021-31883', 'CVE-2016-4495', 'CVE-2018-18878', 'CVE-2021-31887']",[],[]
