CVE-ID,Modelo,Versions
CVE-2022-38371,APOGEE MBC (PPC) (BACnet),All versions
CVE-2022-38371,APOGEE MBC (PPC) (P2 Ethernet),All versions
CVE-2022-38371,APOGEE MEC (PPC) (BACnet),All versions
CVE-2022-38371,APOGEE MEC (PPC) (P2 Ethernet),All versions
CVE-2022-38371,APOGEE PXC Compact (BACnet),All versions
CVE-2022-38371,APOGEE PXC Compact (P2 Ethernet),All versions
CVE-2022-38371,APOGEE PXC Modular (BACnet),All versions
CVE-2022-38371, APOGEE PXC Modular (P2 Ethernet),All versions
CVE-2022-38371,Desigo PXC00-E.D,All versions >= V2.3
CVE-2022-38371,Desigo PXC00-U,All versions >= V2.3
CVE-2022-38371,Desigo PXC001-E.D,All versions >= V2.3
CVE-2022-38371,Desigo PXC100-E.D,All versions >= V2.3
CVE-2022-38371,Desigo PXC12-E.D,All versions >= V2.3
CVE-2022-38371,Desigo PXC128-U,All versions >= V2.3
CVE-2022-38371,Desigo PXC200-E.D,All versions >= V2.3
CVE-2022-38371,Desigo PXC22-E.D,All versions >= V2.3
CVE-2022-38371,Desigo PXC22.1-E.D,All versions >= V2.3
CVE-2022-38371,Desigo PXC36.1-E.D,All versions >= V2.3
CVE-2022-38371,Desigo PXC50-E.D,All versions >= V2.3
CVE-2022-38371,Desigo PXC64-U,All versions >= V2.3
CVE-2022-38371,Desigo PXM20-E,All versions >= V2.3
CVE-2022-38371,Nucleus NET for Nucleus PLUS V1,All versions < V5.2a
CVE-2022-38371,Nucleus NET for Nucleus PLUS V2,All versions < V5.2a
CVE-2022-38371,Nucleus ReadyStart V3 V2012,All versions < V2012.08.1
CVE-2022-38371,Nucleus ReadyStart V3 V2017,All versions < V2017.02.4
CVE-2022-38371,Nucleus Source Code,Versions including affected FTP server
CVE-2022-38371,TALON TC Compact (BACnet),All versions
CVE-2022-38371,TALON TC Modular (BACnet),All versions
CVE-2022-37122,Carel pCOWeb HVAC BACnet Gateway,2.1.0
CVE-2022-37122,Firmware,A2.1.0 - B2.1.0
CVE-2022-37122,Application Software,2.15.4A
CVE-2021-41545,Desigo DXR2,All versions < V01.21.142.5-22
CVE-2021-41545,Desigo PXC3,All versions < V01.21.142.4-18
CVE-2021-41545,Desigo PXC4,All versions < V02.20.142.10-10884
CVE-2021-41545,Desigo PXC5,All versions < V02.20.142.10-10884
CVE-2021-31890,APOGEE MBC (PPC) (BACnet),All versions
CVE-2021-31890,APOGEE MBC (PPC) (P2 Ethernet),All versions
CVE-2021-31890,APOGEE MEC (PPC) (BACnet),All versions
CVE-2021-31890,APOGEE MEC (PPC) (P2 Ethernet),All versions
CVE-2021-31890,APOGEE PXC Compact (BACnet),All versions < V3.5.4
CVE-2021-31890,APOGEE PXC Compact (P2 Ethernet),All versions < V2.8.19
CVE-2021-31890,APOGEE PXC Modular (BACnet),All versions < V3.5.4
CVE-2021-31890,APOGEE PXC Modular (P2 Ethernet),All versions < V2.8.19
CVE-2021-31890,Capital VSTAR,All versions with enabled Ethernet options
CVE-2021-31890,Desigo PXC00-E.D,All versions >= V2.3 and < V6.30.016
CVE-2021-31890,Desigo PXC00-U,All versions >= V2.3 and < V6.30.016
CVE-2021-31890,Desigo PXC001-E.D,All versions >= V2.3 and < V6.30.016
CVE-2021-31890,Desigo PXC100-E.D,All versions >= V2.3 and < V6.30.016
CVE-2021-31890,Desigo PXC12-E.D,All versions >= V2.3 and < V6.30.016
CVE-2021-31890,Desigo PXC128-U,All versions >= V2.3 and < V6.30.016
CVE-2021-31890,Desigo PXC200-E.D,All versions >= V2.3 and < V6.30.016
CVE-2021-31890,Desigo PXC22-E.D,All versions >= V2.3 and < V6.30.016
CVE-2021-31890,Desigo PXC22.1-E.D,All versions >= V2.3 and < V6.30.016
CVE-2021-31890,Desigo PXC36.1-E.D,All versions >= V2.3 and < V6.30.016
CVE-2021-31890,Desigo PXC50-E.D,All versions >= V2.3 and < V6.30.016
CVE-2021-31890,Desigo PXC64-U,All versions >= V2.3 and < V6.30.016
CVE-2021-31890,Desigo PXM20-E,All versions >= V2.3 and < V6.30.016
CVE-2021-31890,Nucleus NET,All versions
CVE-2021-31890,Nucleus ReadyStart V3,All versions < V2017.02.4
CVE-2021-31890,Nucleus ReadyStart V4,All versions < V4.1.1
CVE-2021-31890,Nucleus Source Code,All versions
CVE-2021-31890,PLUSCONTROL 1st Gen,All versions
CVE-2021-31890,SIMOTICS CONNECT 400,All versions < V0.5.0.0
CVE-2021-31890,TALON TC Compact (BACnet),All versions < V3.5.4
CVE-2021-31890,TALON TC Modular (BACnet),All versions < V3.5.4
CVE-2021-27391,APOGEE MBC (PPC) (P2 Ethernet),All versions >= V2.6.3
CVE-2021-27391,APOGEE MEC (PPC) (P2 Ethernet),All versions >= V2.6.3
CVE-2021-27391,APOGEE PXC Compact (BACnet),All versions < V3.5.3
CVE-2021-27391,APOGEE PXC Compact (P2 Ethernet),All versions >= V2.8
CVE-2021-27391,APOGEE PXC Modular (BACnet),All versions < V3.5.3
CVE-2021-27391,APOGEE PXC Modular (P2 Ethernet),All versions >= V2.8
CVE-2021-27391,TALON TC Compact (BACnet),All versions < V3.5.3
CVE-2021-27391,TALON TC Modular (BACnet),All versions < V3.5.3
CVE-2020-7575,Climatix POL908 (BACnet/IP module),All versions
CVE-2020-7575,Climatix POL909 (AWM module),All versions < V11.32
CVE-2020-7574,Climatix POL908 (BACnet/IP module),All versions
CVE-2020-7574,Climatix POL909 (AWM module),All versions < V11.32
CVE-2020-28388,APOGEE PXC Series (BACnet),All versions < V3.5.5
CVE-2020-28388,APOGEE PXC Series (P2 Ethernet),All versions < V2.8.20
CVE-2020-28388,Nucleus NET,All versions < V5.2
CVE-2020-28388,Nucleus ReadyStart V3,All versions < V2012.12
CVE-2020-28388,Nucleus Source Code,All versions
CVE-2020-28388,PLUSCONTROL 1st Gen,All versions
CVE-2020-28388,TALON TC Series (BACnet),All versions < V3.5.5
CVE-2021-31344,APOGEE MBC (PPC) (BACnet),All versions
CVE-2021-31344,APOGEE MBC (PPC) (P2 Ethernet),All versions
CVE-2021-31344,APOGEE MEC (PPC) (BACnet),All versions
CVE-2021-31344,APOGEE MEC (PPC) (P2 Ethernet),All versions
CVE-2021-31344,APOGEE PXC Compact (BACnet),All versions < V3.5.4
CVE-2021-31344,APOGEE PXC Compact (P2 Ethernet),All versions < V2.8.19
CVE-2021-31344,APOGEE PXC Modular (BACnet),All versions < V3.5.4
CVE-2021-31344,APOGEE PXC Modular (P2 Ethernet),All versions < V2.8.19
CVE-2021-31344,Capital VSTAR,All versions with enabled Ethernet options
CVE-2021-31344,Desigo PXC00-E.D,All versions >= V2.3 and < V6.30.016
CVE-2021-31344,Desigo PXC00-U,All versions >= V2.3 and < V6.30.016
CVE-2021-31344,Desigo PXC001-E.D,All versions >= V2.3 and < V6.30.016
CVE-2021-31344,Desigo PXC100-E.D,All versions >= V2.3 and < V6.30.016
CVE-2021-31344,Desigo PXC12-E.D,All versions >= V2.3 and < V6.30.016
CVE-2021-31344,Desigo PXC128-U,All versions >= V2.3 and < V6.30.016
CVE-2021-31344,Desigo PXC200-E.D,All versions >= V2.3 and < V6.30.016
CVE-2021-31344,Desigo PXC22-E.D,All versions >= V2.3 and < V6.30.016
CVE-2021-31344,Desigo PXC22.1-E.D,All versions >= V2.3 and < V6.30.016
CVE-2021-31344,Desigo PXC36.1-E.D,All versions >= V2.3 and < V6.30.016
CVE-2021-31344,Desigo PXC50-E.D,All versions >= V2.3 and < V6.30.016
CVE-2021-31344,Desigo PXC64-U,All versions >= V2.3 and < V6.30.016
CVE-2021-31344,Desigo PXM20-E,All versions >= V2.3 and < V6.30.016
CVE-2021-31344,Nucleus NET,All versions
CVE-2021-31344,Nucleus ReadyStart V3,All versions < V2017.02.4
CVE-2021-31344,Nucleus ReadyStart V4,All versions < V4.1.1
CVE-2021-31344,Nucleus Source Code,All versions
CVE-2021-31344,PLUSCONTROL 1st Gen,All versions
CVE-2021-31344,SIMOTICS CONNECT 400,All versions < V0.5.0.0
CVE-2021-31344,TALON TC Compact (BACnet),All versions < V3.5.4
CVE-2021-31344,TALON TC Modular (BACnet),All versions < V3.5.4
CVE-2015-0979,SCADA Engine BACnet OPC Server,All versions < 2.1.371.24