,db,tolerance,comparator,module,version,totalTime,avgTime,lenRealVulnerabilities,lenTruePositives,lenTrueNegatives,lenFalsePositives,lenFalseNegatives,precision,recall,passComparison
0,"{'db': 'database-human-1', 'tolerance': 0.7, 'limit': 75}",0.7,ComparatorType.HEURISTIC,PXC36.1-E.D,V6.00.204,0.05612897872924805,0,15,15,24,0,0,1,1.0,True
1,"{'db': 'database-human-1', 'tolerance': 0.7, 'limit': 75}",0.7,ComparatorType.HEURISTIC,PXC36.1-E.D,V6.00.314,0.02073526382446289,0,15,15,24,0,0,1,1.0,True
2,"{'db': 'database-human-1', 'tolerance': 0.7, 'limit': 75}",0.7,ComparatorType.HEURISTIC,PXC36.1-E.D,V6.00.327,0.02082037925720215,0,14,14,25,0,0,1,1.0,True
3,"{'db': 'database-human-1', 'tolerance': 0.7, 'limit': 75}",0.7,ComparatorType.HEURISTIC,PXC12-E.D,V5.00.057,0.020638227462768555,0,15,15,24,0,0,1,1.0,True
4,"{'db': 'database-human-1', 'tolerance': 0.7, 'limit': 75}",0.7,ComparatorType.HEURISTIC,PXC50-E.D,V6.30.010,0.027928829193115234,0,14,14,25,0,0,1,1.0,True
5,"{'db': 'database-human-1', 'tolerance': 0.7, 'limit': 75}",0.7,ComparatorType.HEURISTIC,PXC100-E.D,V5.10.064,0.03174281120300293,0,15,15,24,0,0,1,1.0,True
6,"{'db': 'database-human-1', 'tolerance': 0.7, 'limit': 75}",0.7,ComparatorType.HEURISTIC,PXC36-E.D,V5.10.067,0.020950794219970703,0,0,0,39,0,0,1,1.0,True
7,"{'db': 'database-human-1', 'tolerance': 0.7, 'limit': 75}",0.7,ComparatorType.HEURISTIC,PXC200ED,V4.00.083,0.029174327850341797,0,15,15,24,0,0,1,1.0,True
8,"{'db': 'database-human-1', 'tolerance': 0.7, 'limit': 75}",0.7,ComparatorType.HEURISTIC,Siemens BACnet Field Panel,V3.4,0.027556896209716797,0,0,0,39,0,0,1,1.0,True
9,"{'db': 'database-human-1', 'tolerance': 0.7, 'limit': 75}",0.7,ComparatorType.HEURISTIC,Quantum BACnet,3.4.321,0.026249408721923828,0,0,0,39,0,0,1,1.0,True
10,"{'db': 'database-human-1', 'tolerance': 0.7, 'limit': 75}",0.7,ComparatorType.HEURISTIC,Quantum BACnet,2.7.359,0.02410435676574707,0,0,0,39,0,0,1,1.0,True
11,"{'db': 'database-human-1', 'tolerance': 0.7, 'limit': 75}",0.7,ComparatorType.HEURISTIC,Quantum BACnet,3.2.243,0.027047395706176758,0,1,0,38,0,1,1,0.0,False
12,"{'db': 'database-human-1', 'tolerance': 0.7, 'limit': 75}",0.7,ComparatorType.HEURISTIC,BASRT-B,3.0.13,0.019302845001220703,0,0,0,39,0,0,1,1.0,True
13,"{'db': 'database-human-1', 'tolerance': 0.7, 'limit': 75}",0.7,ComparatorType.HEURISTIC,Niagara4 Station,4.12.22078.1,0.0385441780090332,0,0,0,39,0,0,1,1.0,True
14,"{'db': 'database-human-1', 'tolerance': 0.7, 'limit': 75}",0.7,ComparatorType.HEURISTIC,Niagara4 Station,4.6.96.28.1,0.02879929542541504,0,0,0,39,0,0,1,1.0,True
15,"{'db': 'database-human-1', 'tolerance': 0.7, 'limit': 75}",0.7,ComparatorType.HEURISTIC,AAM-Router,1.2,0.02500295639038086,0,0,0,39,0,0,1,1.0,True
16,"{'db': 'database-human-1', 'tolerance': 0.7, 'limit': 75}",0.7,ComparatorType.HEURISTIC,BAC-5051E,E0.1.0.3,0.028007030487060547,0,2,0,37,0,2,1,0.0,False
17,"{'db': 'database-human-1', 'tolerance': 0.7, 'limit': 75}",0.7,ComparatorType.HEURISTIC,BAC-5051E,R1.5.0.12,0.02485489845275879,0,0,0,39,0,0,1,1.0,True
18,"{'db': 'database-human-1', 'tolerance': 0.7, 'limit': 75}",0.7,ComparatorType.HEURISTIC,BAC-A1616BC,R2.0.0.11,0.026111125946044922,0,1,0,38,0,1,1,0.0,False
19,"{'db': 'database-human-1', 'tolerance': 0.7, 'limit': 75}",0.7,ComparatorType.HEURISTIC,BAC-5051E,R1.3.0.1,0.03940081596374512,0,0,0,39,0,0,1,1.0,True
