,db1,db2,total_compares,matching_compares,compare_rate,db1_more_len,db2_more_len,db1_more,db2_more
0,database-heuristic-bacnet-1,database-openai-1,39,29,74.35897435897436,5,5,"['CVE-2016-4494', 'CVE-2016-4495', 'CVE-2018-7277', 'CVE-2018-7278', 'CVE-2020-7233']","['CVE-2018-10238', 'CVE-2019-13939', 'CVE-2021-31885', 'CVE-2022-37122', 'CVE-2022-38371']"
1,database-heuristic-bacnet-1,database-openai-2,39,29,74.35897435897436,6,4,"['CVE-2016-4494', 'CVE-2016-4495', 'CVE-2018-7277', 'CVE-2018-7278', 'CVE-2019-12480', 'CVE-2020-7233']","['CVE-2018-10238', 'CVE-2019-13939', 'CVE-2022-37122', 'CVE-2022-38371']"
2,database-heuristic-bacnet-1,database-openai-3,38,27,71.05263157894737,7,4,"['CVE-2016-4494', 'CVE-2016-4495', 'CVE-2017-9946', 'CVE-2018-7277', 'CVE-2018-7278', 'CVE-2019-12480', 'CVE-2020-7233']","['CVE-2018-10238', 'CVE-2019-13939', 'CVE-2022-37122', 'CVE-2022-38371']"
3,database-heuristic-bacnet-1,database-openai-4,38,28,73.6842105263158,6,4,"['CVE-2016-4494', 'CVE-2016-4495', 'CVE-2017-9946', 'CVE-2018-7277', 'CVE-2018-7278', 'CVE-2020-7233']","['CVE-2018-10238', 'CVE-2019-13939', 'CVE-2022-37122', 'CVE-2022-38371']"
4,database-heuristic-bacnet-1,database-openai-5,39,26,66.66666666666667,7,6,"['CVE-2010-4740', 'CVE-2016-4494', 'CVE-2016-4495', 'CVE-2017-9947', 'CVE-2018-7277', 'CVE-2018-7278', 'CVE-2020-7233']","['CVE-2018-10238', 'CVE-2019-13939', 'CVE-2021-31886', 'CVE-2021-31888', 'CVE-2022-37122', 'CVE-2022-38371']"
5,database-heuristic-bacnet-1,database-openai-6,39,28,71.7948717948718,7,4,"['CVE-2010-4740', 'CVE-2015-0980', 'CVE-2016-4494', 'CVE-2016-4495', 'CVE-2018-7277', 'CVE-2018-7278', 'CVE-2020-7233']","['CVE-2018-10238', 'CVE-2019-13939', 'CVE-2022-37122', 'CVE-2022-38371']"
6,database-heuristic-bacnet-2,database-openai-1,39,29,74.35897435897436,5,5,"['CVE-2016-4494', 'CVE-2016-4495', 'CVE-2018-7277', 'CVE-2018-7278', 'CVE-2020-7233']","['CVE-2018-10238', 'CVE-2019-13939', 'CVE-2021-31885', 'CVE-2022-37122', 'CVE-2022-38371']"
7,database-heuristic-bacnet-2,database-openai-2,39,29,74.35897435897436,6,4,"['CVE-2016-4494', 'CVE-2016-4495', 'CVE-2018-7277', 'CVE-2018-7278', 'CVE-2019-12480', 'CVE-2020-7233']","['CVE-2018-10238', 'CVE-2019-13939', 'CVE-2022-37122', 'CVE-2022-38371']"
8,database-heuristic-bacnet-2,database-openai-3,38,27,71.05263157894737,7,4,"['CVE-2016-4494', 'CVE-2016-4495', 'CVE-2017-9946', 'CVE-2018-7277', 'CVE-2018-7278', 'CVE-2019-12480', 'CVE-2020-7233']","['CVE-2018-10238', 'CVE-2019-13939', 'CVE-2022-37122', 'CVE-2022-38371']"
9,database-heuristic-bacnet-2,database-openai-4,38,28,73.6842105263158,6,4,"['CVE-2016-4494', 'CVE-2016-4495', 'CVE-2017-9946', 'CVE-2018-7277', 'CVE-2018-7278', 'CVE-2020-7233']","['CVE-2018-10238', 'CVE-2019-13939', 'CVE-2022-37122', 'CVE-2022-38371']"
10,database-heuristic-bacnet-2,database-openai-5,39,26,66.66666666666667,7,6,"['CVE-2010-4740', 'CVE-2016-4494', 'CVE-2016-4495', 'CVE-2017-9947', 'CVE-2018-7277', 'CVE-2018-7278', 'CVE-2020-7233']","['CVE-2018-10238', 'CVE-2019-13939', 'CVE-2021-31886', 'CVE-2021-31888', 'CVE-2022-37122', 'CVE-2022-38371']"
11,database-heuristic-bacnet-2,database-openai-6,39,28,71.7948717948718,7,4,"['CVE-2010-4740', 'CVE-2015-0980', 'CVE-2016-4494', 'CVE-2016-4495', 'CVE-2018-7277', 'CVE-2018-7278', 'CVE-2020-7233']","['CVE-2018-10238', 'CVE-2019-13939', 'CVE-2022-37122', 'CVE-2022-38371']"
12,database-heuristic-bacnet-3,database-openai-1,39,29,74.35897435897436,5,5,"['CVE-2016-4494', 'CVE-2016-4495', 'CVE-2018-7277', 'CVE-2018-7278', 'CVE-2020-7233']","['CVE-2018-10238', 'CVE-2019-13939', 'CVE-2021-31885', 'CVE-2022-37122', 'CVE-2022-38371']"
13,database-heuristic-bacnet-3,database-openai-2,39,29,74.35897435897436,6,4,"['CVE-2016-4494', 'CVE-2016-4495', 'CVE-2018-7277', 'CVE-2018-7278', 'CVE-2019-12480', 'CVE-2020-7233']","['CVE-2018-10238', 'CVE-2019-13939', 'CVE-2022-37122', 'CVE-2022-38371']"
14,database-heuristic-bacnet-3,database-openai-3,38,27,71.05263157894737,7,4,"['CVE-2016-4494', 'CVE-2016-4495', 'CVE-2017-9946', 'CVE-2018-7277', 'CVE-2018-7278', 'CVE-2019-12480', 'CVE-2020-7233']","['CVE-2018-10238', 'CVE-2019-13939', 'CVE-2022-37122', 'CVE-2022-38371']"
15,database-heuristic-bacnet-3,database-openai-4,38,28,73.6842105263158,6,4,"['CVE-2016-4494', 'CVE-2016-4495', 'CVE-2017-9946', 'CVE-2018-7277', 'CVE-2018-7278', 'CVE-2020-7233']","['CVE-2018-10238', 'CVE-2019-13939', 'CVE-2022-37122', 'CVE-2022-38371']"
16,database-heuristic-bacnet-3,database-openai-5,39,26,66.66666666666667,7,6,"['CVE-2010-4740', 'CVE-2016-4494', 'CVE-2016-4495', 'CVE-2017-9947', 'CVE-2018-7277', 'CVE-2018-7278', 'CVE-2020-7233']","['CVE-2018-10238', 'CVE-2019-13939', 'CVE-2021-31886', 'CVE-2021-31888', 'CVE-2022-37122', 'CVE-2022-38371']"
17,database-heuristic-bacnet-3,database-openai-6,39,28,71.7948717948718,7,4,"['CVE-2010-4740', 'CVE-2015-0980', 'CVE-2016-4494', 'CVE-2016-4495', 'CVE-2018-7277', 'CVE-2018-7278', 'CVE-2020-7233']","['CVE-2018-10238', 'CVE-2019-13939', 'CVE-2022-37122', 'CVE-2022-38371']"
18,database-heuristic-bacnet-4,database-openai-1,39,29,74.35897435897436,5,5,"['CVE-2016-4494', 'CVE-2016-4495', 'CVE-2018-7277', 'CVE-2018-7278', 'CVE-2020-7233']","['CVE-2018-10238', 'CVE-2019-13939', 'CVE-2021-31885', 'CVE-2022-37122', 'CVE-2022-38371']"
19,database-heuristic-bacnet-4,database-openai-2,39,29,74.35897435897436,6,4,"['CVE-2016-4494', 'CVE-2016-4495', 'CVE-2018-7277', 'CVE-2018-7278', 'CVE-2019-12480', 'CVE-2020-7233']","['CVE-2018-10238', 'CVE-2019-13939', 'CVE-2022-37122', 'CVE-2022-38371']"
20,database-heuristic-bacnet-4,database-openai-3,38,27,71.05263157894737,7,4,"['CVE-2016-4494', 'CVE-2016-4495', 'CVE-2017-9946', 'CVE-2018-7277', 'CVE-2018-7278', 'CVE-2019-12480', 'CVE-2020-7233']","['CVE-2018-10238', 'CVE-2019-13939', 'CVE-2022-37122', 'CVE-2022-38371']"
21,database-heuristic-bacnet-4,database-openai-4,38,28,73.6842105263158,6,4,"['CVE-2016-4494', 'CVE-2016-4495', 'CVE-2017-9946', 'CVE-2018-7277', 'CVE-2018-7278', 'CVE-2020-7233']","['CVE-2018-10238', 'CVE-2019-13939', 'CVE-2022-37122', 'CVE-2022-38371']"
22,database-heuristic-bacnet-4,database-openai-5,39,26,66.66666666666667,7,6,"['CVE-2010-4740', 'CVE-2016-4494', 'CVE-2016-4495', 'CVE-2017-9947', 'CVE-2018-7277', 'CVE-2018-7278', 'CVE-2020-7233']","['CVE-2018-10238', 'CVE-2019-13939', 'CVE-2021-31886', 'CVE-2021-31888', 'CVE-2022-37122', 'CVE-2022-38371']"
23,database-heuristic-bacnet-4,database-openai-6,39,28,71.7948717948718,7,4,"['CVE-2010-4740', 'CVE-2015-0980', 'CVE-2016-4494', 'CVE-2016-4495', 'CVE-2018-7277', 'CVE-2018-7278', 'CVE-2020-7233']","['CVE-2018-10238', 'CVE-2019-13939', 'CVE-2022-37122', 'CVE-2022-38371']"
24,database-heuristic-bacnet-5,database-openai-1,39,29,74.35897435897436,5,5,"['CVE-2016-4494', 'CVE-2016-4495', 'CVE-2018-7277', 'CVE-2018-7278', 'CVE-2020-7233']","['CVE-2018-10238', 'CVE-2019-13939', 'CVE-2021-31885', 'CVE-2022-37122', 'CVE-2022-38371']"
25,database-heuristic-bacnet-5,database-openai-2,39,29,74.35897435897436,6,4,"['CVE-2016-4494', 'CVE-2016-4495', 'CVE-2018-7277', 'CVE-2018-7278', 'CVE-2019-12480', 'CVE-2020-7233']","['CVE-2018-10238', 'CVE-2019-13939', 'CVE-2022-37122', 'CVE-2022-38371']"
26,database-heuristic-bacnet-5,database-openai-3,38,27,71.05263157894737,7,4,"['CVE-2016-4494', 'CVE-2016-4495', 'CVE-2017-9946', 'CVE-2018-7277', 'CVE-2018-7278', 'CVE-2019-12480', 'CVE-2020-7233']","['CVE-2018-10238', 'CVE-2019-13939', 'CVE-2022-37122', 'CVE-2022-38371']"
27,database-heuristic-bacnet-5,database-openai-4,38,28,73.6842105263158,6,4,"['CVE-2016-4494', 'CVE-2016-4495', 'CVE-2017-9946', 'CVE-2018-7277', 'CVE-2018-7278', 'CVE-2020-7233']","['CVE-2018-10238', 'CVE-2019-13939', 'CVE-2022-37122', 'CVE-2022-38371']"
28,database-heuristic-bacnet-5,database-openai-5,39,26,66.66666666666667,7,6,"['CVE-2010-4740', 'CVE-2016-4494', 'CVE-2016-4495', 'CVE-2017-9947', 'CVE-2018-7277', 'CVE-2018-7278', 'CVE-2020-7233']","['CVE-2018-10238', 'CVE-2019-13939', 'CVE-2021-31886', 'CVE-2021-31888', 'CVE-2022-37122', 'CVE-2022-38371']"
29,database-heuristic-bacnet-5,database-openai-6,39,28,71.7948717948718,7,4,"['CVE-2010-4740', 'CVE-2015-0980', 'CVE-2016-4494', 'CVE-2016-4495', 'CVE-2018-7277', 'CVE-2018-7278', 'CVE-2020-7233']","['CVE-2018-10238', 'CVE-2019-13939', 'CVE-2022-37122', 'CVE-2022-38371']"
30,database-heuristic-bacnet-6,database-openai-1,39,29,74.35897435897436,5,5,"['CVE-2016-4494', 'CVE-2016-4495', 'CVE-2018-7277', 'CVE-2018-7278', 'CVE-2020-7233']","['CVE-2018-10238', 'CVE-2019-13939', 'CVE-2021-31885', 'CVE-2022-37122', 'CVE-2022-38371']"
31,database-heuristic-bacnet-6,database-openai-2,39,29,74.35897435897436,6,4,"['CVE-2016-4494', 'CVE-2016-4495', 'CVE-2018-7277', 'CVE-2018-7278', 'CVE-2019-12480', 'CVE-2020-7233']","['CVE-2018-10238', 'CVE-2019-13939', 'CVE-2022-37122', 'CVE-2022-38371']"
32,database-heuristic-bacnet-6,database-openai-3,38,27,71.05263157894737,7,4,"['CVE-2016-4494', 'CVE-2016-4495', 'CVE-2017-9946', 'CVE-2018-7277', 'CVE-2018-7278', 'CVE-2019-12480', 'CVE-2020-7233']","['CVE-2018-10238', 'CVE-2019-13939', 'CVE-2022-37122', 'CVE-2022-38371']"
33,database-heuristic-bacnet-6,database-openai-4,38,28,73.6842105263158,6,4,"['CVE-2016-4494', 'CVE-2016-4495', 'CVE-2017-9946', 'CVE-2018-7277', 'CVE-2018-7278', 'CVE-2020-7233']","['CVE-2018-10238', 'CVE-2019-13939', 'CVE-2022-37122', 'CVE-2022-38371']"
34,database-heuristic-bacnet-6,database-openai-5,39,26,66.66666666666667,7,6,"['CVE-2010-4740', 'CVE-2016-4494', 'CVE-2016-4495', 'CVE-2017-9947', 'CVE-2018-7277', 'CVE-2018-7278', 'CVE-2020-7233']","['CVE-2018-10238', 'CVE-2019-13939', 'CVE-2021-31886', 'CVE-2021-31888', 'CVE-2022-37122', 'CVE-2022-38371']"
35,database-heuristic-bacnet-6,database-openai-6,39,28,71.7948717948718,7,4,"['CVE-2010-4740', 'CVE-2015-0980', 'CVE-2016-4494', 'CVE-2016-4495', 'CVE-2018-7277', 'CVE-2018-7278', 'CVE-2020-7233']","['CVE-2018-10238', 'CVE-2019-13939', 'CVE-2022-37122', 'CVE-2022-38371']"
