vendor,module,version,numberCVES,vulnerableCVES
SIEMENS,PXC36.1-E.D,V6.00.204,15,"['CVE-2019-13939', 'CVE-2021-31344', 'CVE-2021-31345', 'CVE-2021-31346', 'CVE-2021-31881', 'CVE-2021-31882', 'CVE-2021-31883', 'CVE-2021-31884', 'CVE-2021-31885', 'CVE-2021-31886', 'CVE-2021-31887', 'CVE-2021-31888', 'CVE-2021-31889', 'CVE-2021-31890', 'CVE-2022-38371']"
SIEMENS,PXC36.1-E.D,V6.00.314,15,"['CVE-2019-13939', 'CVE-2021-31344', 'CVE-2021-31345','CVE-2021-31346','CVE-2021-31881','CVE-2021-31882','CVE-2021-31883','CVE-2021-31884','CVE-2021-31885','CVE-2021-31886','CVE-2021-31887','CVE-2021-31888','CVE-2021-31889','CVE-2021-31890','CVE-2022-38371']"
SIEMENS,PXC36.1-E.D,V6.00.327,14,"['CVE-2021-31344','CVE-2021-31345','CVE-2021-31346','CVE-2021-31881','CVE-2021-31882','CVE-2021-31883','CVE-2021-31884','CVE-2021-31885','CVE-2021-31886','CVE-2021-31887','CVE-2021-31888','CVE-2021-31889','CVE-2021-31890','CVE-2022-38371']"
SIEMENS,PXC12-E.D,V5.00.057,15,"['CVE-2019-13939','CVE-2021-31344','CVE-2021-31345','CVE-2021-31346','CVE-2021-31881','CVE-2021-31882','CVE-2021-31883','CVE-2021-31884','CVE-2021-31885','CVE-2021-31886','CVE-2021-31887','CVE-2021-31888','CVE-2021-31889','CVE-2021-31890','CVE-2022-38371']"
SIEMENS,PXC50-E.D,V6.30.010,14,"['CVE-2021-31344','CVE-2021-31345','CVE-2021-31346','CVE-2021-31881','CVE-2021-31882','CVE-2021-31883','CVE-2021-31884','CVE-2021-31885','CVE-2021-31886','CVE-2021-31887','CVE-2021-31888','CVE-2021-31889','CVE-2021-31890','CVE-2022-38371']"
SIEMENS,PXC100-E.D,V5.10.064,15,"['CVE-2019-13939','CVE-2021-31344','CVE-2021-31345','CVE-2021-31346','CVE-2021-31881','CVE-2021-31882','CVE-2021-31883','CVE-2021-31884','CVE-2021-31885','CVE-2021-31886','CVE-2021-31887','CVE-2021-31888','CVE-2021-31889','CVE-2021-31890','CVE-2022-38371']"
SIEMENS,PXC36-E.D,V5.10.067,0,"[]"
SIEMENS,PXC200ED,V4.00.083,15,"['CVE-2019-13939','CVE-2021-31344','CVE-2021-31345','CVE-2021-31346','CVE-2021-31881','CVE-2021-31882','CVE-2021-31883','CVE-2021-31884','CVE-2021-31885','CVE-2021-31886','CVE-2021-31887','CVE-2021-31888','CVE-2021-31889','CVE-2021-31890','CVE-2022-38371']"
SIEMENS,BACnet Field Panel,V3.4,0,"[]"
LUTRON,Quantum BACnet,3.4.321,0,"[]"
LUTRON,Quantum BACnet,2.7.359,0,"[]"
LUTRON,Quantum BACnet,3.2.243,1,"['CVE-2018-7276']"
CONTEMPORARY,BASRT-B,3.0.13,0,"[]"
TRIDIUM,Niagara4 Station,4.12.22078.1,0,"[]"
TRIDIUM,Niagara4 Station,4.6.96.28.1,0,"[]"
AMERICAN Auto-Matrix,AAM-Router,1.2,0,"[]"
KMC CONTROLS,BAC-5051E,E0.1.0.3,2,"['CVE-2016-4494','CVE-2016-4495']"
KMC CONTROLS,BAC-5051E,R1.5.0.12,0,"[]"
KMC CONTROLS,BAC-A1616BC,R2.0.0.11,1,"['CVE-2020-7233']"
KMC CONTROLS,BAC-5051E,R1.3.0.1,0,"[]"